{
  "generated_on": "2026-06-05",
  "decision": "REJECT",
  "reason": "overall_rt_smape_delta=1.4270; segment_9_16_rt_smape_delta=2.5990; overall_rt_capped_smape_delta=0.9741; segment_9_16_rt_capped_smape_delta=1.2245; top10_tail_delta_mae_delta=3.1790",
  "baseline_summary_recomputed_from_predictions": {
    "rt_smape": 20.79251599092717,
    "rt_capped_smape": 10.906743313696468,
    "rt_mae": 32.92588312867093,
    "rt_rmse": 62.70290809935068,
    "delta_mae": 32.92588312867093,
    "delta_rmse": 62.70290809935068,
    "direction_accuracy": 0.7962328767123288,
    "positive_direction_recall": 0.7955982205572465,
    "segment_17_24_rt_smape": 9.900467427844726,
    "segment_17_24_rt_capped_smape": 7.8804654342772125,
    "segment_1_8_rt_smape": 16.13402390271171,
    "segment_1_8_rt_capped_smape": 9.33558389076898,
    "segment_9_16_rt_smape": 36.343056642225086,
    "segment_9_16_rt_capped_smape": 15.504180616043215,
    "top10_tail_delta_mae": 115.43405026241987,
    "top10_tail_rt_smape": 70.62293136461057,
    "top10_tail_direction_accuracy": 0.9440639269406392,
    "top5_tail_delta_mae": 142.92526042449884,
    "top5_tail_rt_smape": 79.8112634160963,
    "top5_tail_direction_accuracy": 0.9657534246575342
  },
  "candidate_summary_recomputed_from_predictions": {
    "rt_smape": 22.21948326901537,
    "rt_capped_smape": 11.880868791069949,
    "rt_mae": 36.3722501236413,
    "rt_rmse": 66.8636660561134,
    "delta_mae": 36.37225012364131,
    "delta_rmse": 66.8636660561134,
    "direction_accuracy": 0.7828767123287671,
    "positive_direction_recall": 0.7763989697963006,
    "segment_17_24_rt_smape": 11.373092501088074,
    "segment_17_24_rt_capped_smape": 9.056455080119093,
    "segment_1_8_rt_smape": 16.343283051769333,
    "segment_1_8_rt_capped_smape": 9.857451377776961,
    "segment_9_16_rt_smape": 38.94207425418871,
    "segment_9_16_rt_capped_smape": 16.72869991531379,
    "top10_tail_delta_mae": 118.61305371896495,
    "top10_tail_rt_smape": 72.88280815794123,
    "top10_tail_direction_accuracy": 0.9440639269406392,
    "top5_tail_delta_mae": 144.02925993103577,
    "top5_tail_rt_smape": 79.88543416330333,
    "top5_tail_direction_accuracy": 0.9680365296803652
  },
  "next_action": "try the next error-gate candidate if one remains, otherwise close this family and move on"
}