{
  "generated_on": "2026-06-05",
  "decision": "REJECT",
  "reason": "overall_rt_smape_delta=2.2358; segment_9_16_rt_smape_delta=3.9760; overall_rt_capped_smape_delta=1.4383; segment_9_16_rt_capped_smape_delta=1.7274; top10_tail_delta_mae_delta=-9.6641",
  "baseline_summary_recomputed_from_predictions": {
    "rt_smape": 20.79251599092717,
    "rt_capped_smape": 10.906743313696468,
    "rt_mae": 32.92588312867093,
    "rt_rmse": 62.70290809935068,
    "delta_mae": 32.92588312867093,
    "delta_rmse": 62.70290809935068,
    "direction_accuracy": 0.7962328767123288,
    "positive_direction_recall": 0.7955982205572465,
    "segment_17_24_rt_smape": 9.900467427844726,
    "segment_17_24_rt_capped_smape": 7.8804654342772125,
    "segment_1_8_rt_smape": 16.13402390271171,
    "segment_1_8_rt_capped_smape": 9.33558389076898,
    "segment_9_16_rt_smape": 36.343056642225086,
    "segment_9_16_rt_capped_smape": 15.504180616043215,
    "top10_tail_delta_mae": 115.43405026241987,
    "top10_tail_rt_smape": 70.62293136461057,
    "top10_tail_direction_accuracy": 0.9440639269406392,
    "top5_tail_delta_mae": 142.92526042449884,
    "top5_tail_rt_smape": 79.8112634160963,
    "top5_tail_direction_accuracy": 0.9657534246575342
  },
  "candidate_summary_recomputed_from_predictions": {
    "rt_smape": 23.028353699532467,
    "rt_capped_smape": 12.345043678264949,
    "rt_mae": 37.70240535888745,
    "rt_rmse": 67.84371930832097,
    "delta_mae": 37.70240535888745,
    "delta_rmse": 67.84371930832097,
    "direction_accuracy": 0.7845890410958904,
    "positive_direction_recall": 0.7773355186139077,
    "segment_17_24_rt_smape": 11.573084500825916,
    "segment_17_24_rt_capped_smape": 9.467111144604331,
    "segment_1_8_rt_smape": 17.192872868207623,
    "segment_1_8_rt_capped_smape": 10.336482656361378,
    "segment_9_16_rt_smape": 40.319103729563864,
    "segment_9_16_rt_capped_smape": 17.23153723382913,
    "top10_tail_delta_mae": 105.76992226954299,
    "top10_tail_rt_smape": 67.48021590351034,
    "top10_tail_direction_accuracy": 0.9440639269406392,
    "top5_tail_delta_mae": 128.28873222815847,
    "top5_tail_rt_smape": 74.4800532982192,
    "top5_tail_direction_accuracy": 0.9680365296803652
  },
  "next_action": "try the next error-gate candidate if one remains, otherwise close this family and move on"
}