{
  "generated_on": "2026-06-05",
  "decision": "REJECT",
  "reason": "overall_rt_smape_delta=0.1328; segment_9_16_rt_smape_delta=0.0965; overall_rt_capped_smape_delta=-0.0424; segment_9_16_rt_capped_smape_delta=-0.1603; top10_tail_delta_mae_delta=-0.0649",
  "baseline_summary_recomputed_from_predictions": {
    "rt_smape": 20.79251599092717,
    "rt_capped_smape": 10.906743313696468,
    "rt_mae": 32.92588312867093,
    "rt_rmse": 62.70290809935068,
    "delta_mae": 32.92588312867093,
    "delta_rmse": 62.70290809935068,
    "direction_accuracy": 0.7962328767123288,
    "positive_direction_recall": 0.7955982205572465,
    "segment_17_24_rt_smape": 9.900467427844726,
    "segment_17_24_rt_capped_smape": 7.8804654342772125,
    "segment_1_8_rt_smape": 16.13402390271171,
    "segment_1_8_rt_capped_smape": 9.33558389076898,
    "segment_9_16_rt_smape": 36.343056642225086,
    "segment_9_16_rt_capped_smape": 15.504180616043215,
    "top10_tail_delta_mae": 115.43405026241987,
    "top10_tail_rt_smape": 70.62293136461057,
    "top10_tail_direction_accuracy": 0.9440639269406392,
    "top5_tail_delta_mae": 142.92526042449884,
    "top5_tail_rt_smape": 79.8112634160963,
    "top5_tail_direction_accuracy": 0.9657534246575342
  },
  "candidate_summary_recomputed_from_predictions": {
    "rt_smape": 20.92535284141111,
    "rt_capped_smape": 10.864375780562241,
    "rt_mae": 32.93260300119947,
    "rt_rmse": 62.48710789031422,
    "delta_mae": 32.932603001199475,
    "delta_rmse": 62.48710789031422,
    "direction_accuracy": 0.7944063926940639,
    "positive_direction_recall": 0.8070709435729337,
    "segment_17_24_rt_smape": 9.87879159363507,
    "segment_17_24_rt_capped_smape": 7.870338405984935,
    "segment_1_8_rt_smape": 16.457699645960236,
    "segment_1_8_rt_capped_smape": 9.378876247648487,
    "segment_9_16_rt_smape": 36.43956728463803,
    "segment_9_16_rt_capped_smape": 15.343912688053303,
    "top10_tail_delta_mae": 115.36919493516973,
    "top10_tail_rt_smape": 71.08971790818322,
    "top10_tail_direction_accuracy": 0.9486301369863014,
    "top5_tail_delta_mae": 142.0239192734497,
    "top5_tail_rt_smape": 79.46793653322172,
    "top5_tail_direction_accuracy": 0.9726027397260274
  },
  "next_action": "try the next structural candidate if one remains, otherwise close this family and move on"
}