{
  "generated_on": "2026-06-05",
  "decision": "REJECT",
  "reason": "overall_capped_gain=0.0366; seg916_capped_gain=0.1110; top10_tail_capped_gain=0.4236; raw_overall_delta=0.2898; raw_seg916_delta=0.5577",
  "next_action": "try the next kickoff month-hour selective candidate if one remains, otherwise close this family and decide whether to package the evidence",
  "frozen_point_baseline_metrics": {
    "full_year_rt_capped_smape": 10.906743313696468,
    "segment_9_16_rt_capped_smape": 15.504180616043215,
    "full_year_rt_smape": 20.79251599092717,
    "segment_9_16_rt_smape": 36.343056642225086,
    "risk_hour_9_10_15_avg_capped_smape": 19.087101953299232,
    "hour_9_capped_smape": 19.672823597375388,
    "hour_10_capped_smape": 20.06077862452579,
    "hour_15_capped_smape": 17.527703637996517,
    "worst_month_9_16_capped_smape": 25.714153052159347,
    "top10_tail_rt_capped_smape": 39.678897423463575,
    "rt_mae": 32.92588312867093,
    "delta_mae": 32.92588312867093,
    "normal_hour_capped_smape": 9.738120650896075
  },
  "candidate_point_metrics": {
    "full_year_rt_capped_smape": 10.870174555660002,
    "segment_9_16_rt_capped_smape": 15.393175872366909,
    "full_year_rt_smape": 21.082313069051473,
    "segment_9_16_rt_smape": 36.900748302205265,
    "risk_hour_9_10_15_avg_capped_smape": 18.804015680043364,
    "hour_9_capped_smape": 19.54022062512483,
    "hour_10_capped_smape": 19.679744857971652,
    "hour_15_capped_smape": 17.192081557033603,
    "worst_month_9_16_capped_smape": 25.756204275977574,
    "top10_tail_rt_capped_smape": 39.255327452837584,
    "rt_mae": 33.03749741049087,
    "delta_mae": 33.03749741049087,
    "normal_hour_capped_smape": 9.736768680748092
  }
}