{
  "generated_on": "2026-06-05",
  "decision": "REJECT",
  "reason": "overall_capped_gain=0.0234; seg916_capped_gain=0.0805; top10_tail_capped_gain=1.5883; raw_overall_delta=0.2067; raw_seg916_delta=0.4015",
  "next_action": "try the next signed-tail calibration candidate if one remains, otherwise close this family and decide whether to promote the best near-miss",
  "frozen_point_baseline_metrics": {
    "full_year_rt_capped_smape": 10.906743313696468,
    "segment_9_16_rt_capped_smape": 15.504180616043215,
    "full_year_rt_smape": 20.79251599092717,
    "segment_9_16_rt_smape": 36.343056642225086,
    "risk_hour_9_10_15_avg_capped_smape": 19.087101953299232,
    "hour_9_capped_smape": 19.672823597375388,
    "hour_10_capped_smape": 20.06077862452579,
    "hour_15_capped_smape": 17.527703637996517,
    "worst_month_9_16_capped_smape": 25.714153052159347,
    "top10_tail_rt_capped_smape": 39.678897423463575,
    "rt_mae": 32.92588312867093,
    "delta_mae": 32.92588312867093,
    "normal_hour_capped_smape": 9.738120650896075
  },
  "candidate_point_metrics": {
    "full_year_rt_capped_smape": 10.883297396927206,
    "segment_9_16_rt_capped_smape": 15.423643207940444,
    "full_year_rt_smape": 20.999250150750782,
    "segment_9_16_rt_smape": 36.74451368564586,
    "risk_hour_9_10_15_avg_capped_smape": 18.9040934666747,
    "hour_9_capped_smape": 19.690467322366466,
    "hour_10_capped_smape": 19.48008219459554,
    "hour_15_capped_smape": 17.541730883062094,
    "worst_month_9_16_capped_smape": 25.747624489398913,
    "top10_tail_rt_capped_smape": 38.09056978267237,
    "rt_mae": 32.996000757563316,
    "delta_mae": 32.996000757563316,
    "normal_hour_capped_smape": 9.73746938696328
  }
}