{
  "generated_on": "2026-06-05",
  "decision": "REJECT",
  "reason": "overall_capped_gain=0.0381; seg916_capped_gain=0.1435; top10_tail_capped_gain=0.7054; raw_overall_delta=0.2586; raw_seg916_delta=0.4490",
  "next_action": "try the next kickoff selective-gate candidate if one remains, otherwise close this family and decide whether to package the evidence",
  "frozen_point_baseline_metrics": {
    "full_year_rt_capped_smape": 10.906743313696468,
    "segment_9_16_rt_capped_smape": 15.504180616043215,
    "full_year_rt_smape": 20.79251599092717,
    "segment_9_16_rt_smape": 36.343056642225086,
    "risk_hour_9_10_15_avg_capped_smape": 19.087101953299232,
    "hour_9_capped_smape": 19.672823597375388,
    "hour_10_capped_smape": 20.06077862452579,
    "hour_15_capped_smape": 17.527703637996517,
    "worst_month_9_16_capped_smape": 25.714153052159347,
    "top10_tail_rt_capped_smape": 39.678897423463575,
    "rt_mae": 32.92588312867093,
    "delta_mae": 32.92588312867093,
    "normal_hour_capped_smape": 9.738120650896075
  },
  "candidate_point_metrics": {
    "full_year_rt_capped_smape": 10.868656875613153,
    "segment_9_16_rt_capped_smape": 15.360632538242722,
    "full_year_rt_smape": 21.051102814386017,
    "segment_9_16_rt_smape": 36.79208500787587,
    "risk_hour_9_10_15_avg_capped_smape": 18.72316509517081,
    "hour_9_capped_smape": 19.469901575687423,
    "hour_10_capped_smape": 19.594746862090183,
    "hour_15_capped_smape": 17.10484684773482,
    "worst_month_9_16_capped_smape": 25.63828626225239,
    "top10_tail_rt_capped_smape": 38.97349292365391,
    "rt_mae": 33.02994997902366,
    "delta_mae": 33.02994997902366,
    "normal_hour_capped_smape": 9.746584272819204
  }
}