{
  "generated_on": "2026-06-05",
  "decision": "REJECT",
  "reason": "overall_rt_smape_delta=0.3683; segment_9_16_rt_smape_delta=0.9929; overall_rt_capped_smape_delta=-7.2037; segment_9_16_rt_capped_smape_delta=-15.3382; top10_tail_delta_mae_delta=0.4590",
  "baseline_summary": {
    "rt_smape": 20.792515990927175,
    "rt_capped_smape": 18.111625215245596,
    "rt_mae": 32.92588312867093,
    "rt_rmse": 62.70290809935068,
    "delta_mae": 32.92588312867093,
    "delta_rmse": 62.70290809935068,
    "direction_accuracy": 0.7962328767123288,
    "positive_direction_recall": 0.7955982205572465,
    "experiment_name": "SGDFNet_ProtocolB_A0_J2_ValSegmentBias",
    "target_year": 2025,
    "test_row_count": 8760,
    "segment_17_24_rt_smape": 9.900467427844726,
    "segment_17_24_rt_capped_smape": 9.378647718911497,
    "segment_1_8_rt_smape": 16.13402390271171,
    "segment_1_8_rt_capped_smape": 14.108804095441,
    "segment_9_16_rt_smape": 36.343056642225086,
    "segment_9_16_rt_capped_smape": 30.847423831384308,
    "top10_tail_delta_mae": 115.43405026241987,
    "top10_tail_rt_smape": 70.62293136461057,
    "top10_tail_direction_accuracy": 0.9440639269406392,
    "top5_tail_delta_mae": 142.92526042449884,
    "top5_tail_rt_smape": 79.8112634160963,
    "top5_tail_direction_accuracy": 0.9657534246575342
  },
  "candidate_summary": {
    "rt_smape": 21.16083074495346,
    "rt_capped_smape": 10.907942764788281,
    "rt_mae": 33.1011246216348,
    "rt_rmse": 62.808220219286014,
    "delta_mae": 33.1011246216348,
    "delta_rmse": 62.808220219286014,
    "direction_accuracy": 0.7924657534246575,
    "positive_direction_recall": 0.8028564738937017,
    "experiment_name": "SGDFNet_FirstExperiment_FeatureRedesign_V1",
    "target_year": 2025,
    "test_row_count": 8760,
    "segment_17_24_rt_smape": 9.839923147436147,
    "segment_17_24_rt_capped_smape": 7.88074251931603,
    "segment_1_8_rt_smape": 16.306631781216364,
    "segment_1_8_rt_capped_smape": 9.333847452682706,
    "segment_9_16_rt_smape": 37.33593730620788,
    "segment_9_16_rt_capped_smape": 15.509238322366109,
    "top10_tail_delta_mae": 115.89300738026449,
    "top10_tail_rt_smape": 71.1789979930626,
    "top10_tail_direction_accuracy": 0.9497716894977168,
    "top5_tail_delta_mae": 143.59036037956523,
    "top5_tail_rt_smape": 80.87680702493812,
    "top5_tail_direction_accuracy": 0.9703196347031964
  },
  "next_action": "switch to a different fresh-cycle factor and do not micro-tune this exact variant"
}