{
  "generated_on": "2026-06-05",
  "decision": "REJECT",
  "reason": "overall_rt_smape_delta=0.1455; segment_9_16_rt_smape_delta=0.3201; overall_rt_capped_smape_delta=-0.0632; segment_9_16_rt_capped_smape_delta=-0.2059; top10_tail_delta_mae_delta=-0.8586",
  "baseline_summary_recomputed_from_predictions": {
    "rt_smape": 20.79251599092717,
    "rt_capped_smape": 10.906743313696468,
    "rt_mae": 32.92588312867093,
    "rt_rmse": 62.70290809935068,
    "delta_mae": 32.92588312867093,
    "delta_rmse": 62.70290809935068,
    "direction_accuracy": 0.7962328767123288,
    "positive_direction_recall": 0.7955982205572465,
    "segment_17_24_rt_smape": 9.900467427844726,
    "segment_17_24_rt_capped_smape": 7.8804654342772125,
    "segment_1_8_rt_smape": 16.13402390271171,
    "segment_1_8_rt_capped_smape": 9.33558389076898,
    "segment_9_16_rt_smape": 36.343056642225086,
    "segment_9_16_rt_capped_smape": 15.504180616043215,
    "top10_tail_delta_mae": 115.43405026241987,
    "top10_tail_rt_smape": 70.62293136461057,
    "top10_tail_direction_accuracy": 0.9440639269406392,
    "top5_tail_delta_mae": 142.92526042449884,
    "top5_tail_rt_smape": 79.8112634160963,
    "top5_tail_direction_accuracy": 0.9657534246575342
  },
  "candidate_summary_recomputed_from_predictions": {
    "rt_smape": 20.937991535532365,
    "rt_capped_smape": 10.843562843939626,
    "rt_mae": 32.90948741239673,
    "rt_rmse": 62.50207227496558,
    "delta_mae": 32.90948741239673,
    "delta_rmse": 62.50207227496558,
    "direction_accuracy": 0.7945205479452054,
    "positive_direction_recall": 0.8051978459377195,
    "segment_17_24_rt_smape": 9.874533131456776,
    "segment_17_24_rt_capped_smape": 7.892181278386773,
    "segment_1_8_rt_smape": 16.27628476950606,
    "segment_1_8_rt_capped_smape": 9.340183617948249,
    "segment_9_16_rt_smape": 36.663156705634265,
    "segment_9_16_rt_capped_smape": 15.298323635483852,
    "top10_tail_delta_mae": 114.57546267275248,
    "top10_tail_rt_smape": 70.52338936532196,
    "top10_tail_direction_accuracy": 0.9463470319634704,
    "top5_tail_delta_mae": 140.8863283067677,
    "top5_tail_rt_smape": 78.90469681226523,
    "top5_tail_direction_accuracy": 0.9680365296803652
  },
  "next_action": "stop this follow-up family here and package it as negative evidence before opening another mechanism family"
}