{
  "generated_on": "2026-06-05",
  "decision": "REJECT",
  "reason": "overall_capped_gain=0.0474; seg916_capped_gain=0.1436; top10_tail_capped_gain=0.8763; raw_overall_delta=0.2272; raw_seg916_delta=0.3700",
  "next_action": "try the next kickoff selective-gate candidate if one remains, otherwise close this family and decide whether to package the evidence",
  "frozen_point_baseline_metrics": {
    "full_year_rt_capped_smape": 10.906743313696468,
    "segment_9_16_rt_capped_smape": 15.504180616043215,
    "full_year_rt_smape": 20.79251599092717,
    "segment_9_16_rt_smape": 36.343056642225086,
    "risk_hour_9_10_15_avg_capped_smape": 19.087101953299232,
    "hour_9_capped_smape": 19.672823597375388,
    "hour_10_capped_smape": 20.06077862452579,
    "hour_15_capped_smape": 17.527703637996517,
    "worst_month_9_16_capped_smape": 25.714153052159347,
    "top10_tail_rt_capped_smape": 39.678897423463575,
    "rt_mae": 32.92588312867093,
    "delta_mae": 32.92588312867093,
    "normal_hour_capped_smape": 9.738120650896075
  },
  "candidate_point_metrics": {
    "full_year_rt_capped_smape": 10.85930491507329,
    "segment_9_16_rt_capped_smape": 15.360566950606778,
    "full_year_rt_smape": 21.019748170057014,
    "segment_9_16_rt_smape": 36.71305360522189,
    "risk_hour_9_10_15_avg_capped_smape": 18.79694680632996,
    "hour_9_capped_smape": 19.568450371518942,
    "hour_10_capped_smape": 19.795030586315868,
    "hour_15_capped_smape": 17.027359461155076,
    "worst_month_9_16_capped_smape": 25.570380123816456,
    "top10_tail_rt_capped_smape": 38.80263461818606,
    "rt_mae": 32.969327755549195,
    "delta_mae": 32.969327755549195,
    "normal_hour_capped_smape": 9.725356073465196
  }
}