{
  "generated_on": "2026-06-05",
  "decision": "REJECT",
  "reason": "overall_rt_smape_delta=0.3715; segment_9_16_rt_smape_delta=0.8956; overall_rt_capped_smape_delta=0.0104; segment_9_16_rt_capped_smape_delta=0.0210; top10_tail_delta_mae_delta=-0.5525",
  "baseline_summary_recomputed_from_predictions": {
    "rt_smape": 20.79251599092717,
    "rt_capped_smape": 10.906743313696468,
    "rt_mae": 32.92588312867093,
    "rt_rmse": 62.70290809935068,
    "delta_mae": 32.92588312867093,
    "delta_rmse": 62.70290809935068,
    "direction_accuracy": 0.7962328767123288,
    "positive_direction_recall": 0.7955982205572465,
    "segment_17_24_rt_smape": 9.900467427844726,
    "segment_17_24_rt_capped_smape": 7.8804654342772125,
    "segment_1_8_rt_smape": 16.13402390271171,
    "segment_1_8_rt_capped_smape": 9.33558389076898,
    "segment_9_16_rt_smape": 36.343056642225086,
    "segment_9_16_rt_capped_smape": 15.504180616043215,
    "top10_tail_delta_mae": 115.43405026241987,
    "top10_tail_rt_smape": 70.62293136461057,
    "top10_tail_direction_accuracy": 0.9440639269406392,
    "top5_tail_delta_mae": 142.92526042449884,
    "top5_tail_rt_smape": 79.8112634160963,
    "top5_tail_direction_accuracy": 0.9657534246575342
  },
  "candidate_summary_recomputed_from_predictions": {
    "rt_smape": 21.163974459513405,
    "rt_capped_smape": 10.917157744701923,
    "rt_mae": 33.218989918894714,
    "rt_rmse": 62.7000680255832,
    "delta_mae": 33.218989918894714,
    "delta_rmse": 62.7000680255832,
    "direction_accuracy": 0.7872146118721461,
    "positive_direction_recall": 0.7850620463591664,
    "segment_17_24_rt_smape": 9.9413943595662,
    "segment_17_24_rt_capped_smape": 7.907698540966493,
    "segment_1_8_rt_smape": 16.311842407040295,
    "segment_1_8_rt_capped_smape": 9.318550441874692,
    "segment_9_16_rt_smape": 37.23868661193373,
    "segment_9_16_rt_capped_smape": 15.525224251264584,
    "top10_tail_delta_mae": 114.88159720806158,
    "top10_tail_rt_smape": 70.94489699193598,
    "top10_tail_direction_accuracy": 0.9440639269406392,
    "top5_tail_delta_mae": 141.0016905824875,
    "top5_tail_rt_smape": 79.38206241044867,
    "top5_tail_direction_accuracy": 0.9703196347031964
  },
  "next_action": "try the next month-hour candidate if one remains, otherwise close this family and move on"
}