{
  "generated_on": "2026-06-05",
  "decision": "REJECT",
  "reason": "overall_rt_smape_delta=0.0846; segment_9_16_rt_smape_delta=0.0349; overall_rt_capped_smape_delta=-0.0400; segment_9_16_rt_capped_smape_delta=-0.1303; top10_tail_delta_mae_delta=-0.4942",
  "baseline_summary_recomputed_from_predictions": {
    "rt_smape": 20.79251599092717,
    "rt_capped_smape": 10.906743313696468,
    "rt_mae": 32.92588312867093,
    "rt_rmse": 62.70290809935068,
    "delta_mae": 32.92588312867093,
    "delta_rmse": 62.70290809935068,
    "direction_accuracy": 0.7962328767123288,
    "positive_direction_recall": 0.7955982205572465,
    "segment_17_24_rt_smape": 9.900467427844726,
    "segment_17_24_rt_capped_smape": 7.8804654342772125,
    "segment_1_8_rt_smape": 16.13402390271171,
    "segment_1_8_rt_capped_smape": 9.33558389076898,
    "segment_9_16_rt_smape": 36.343056642225086,
    "segment_9_16_rt_capped_smape": 15.504180616043215,
    "top10_tail_delta_mae": 115.43405026241987,
    "top10_tail_rt_smape": 70.62293136461057,
    "top10_tail_direction_accuracy": 0.9440639269406392,
    "top5_tail_delta_mae": 142.92526042449884,
    "top5_tail_rt_smape": 79.8112634160963,
    "top5_tail_direction_accuracy": 0.9657534246575342
  },
  "candidate_summary_recomputed_from_predictions": {
    "rt_smape": 20.877073413508953,
    "rt_capped_smape": 10.866703809414267,
    "rt_mae": 32.94749686899354,
    "rt_rmse": 62.574607923688525,
    "delta_mae": 32.94749686899354,
    "delta_rmse": 62.574607923688525,
    "direction_accuracy": 0.7874429223744293,
    "positive_direction_recall": 0.8066026691641301,
    "segment_17_24_rt_smape": 9.9413943595662,
    "segment_17_24_rt_capped_smape": 7.907698540966493,
    "segment_1_8_rt_smape": 16.311842407040295,
    "segment_1_8_rt_capped_smape": 9.318550441874692,
    "segment_9_16_rt_smape": 36.37798347392037,
    "segment_9_16_rt_capped_smape": 15.373862445401615,
    "top10_tail_delta_mae": 114.93982375706175,
    "top10_tail_rt_smape": 70.91675268216365,
    "top10_tail_direction_accuracy": 0.9497716894977168,
    "top5_tail_delta_mae": 141.5670294028229,
    "top5_tail_rt_smape": 79.64737998550936,
    "top5_tail_direction_accuracy": 0.9703196347031964
  },
  "next_action": "stop this follow-up family here and package it as negative evidence before opening another mechanism family"
}