{
  "generated_on": "2026-06-05",
  "decision": "REJECT",
  "reason": "overall_rt_smape_delta=0.2501; segment_9_16_rt_smape_delta=0.4012; overall_rt_capped_smape_delta=-0.0688; segment_9_16_rt_capped_smape_delta=-0.1998; top10_tail_delta_mae_delta=-0.5261",
  "baseline_summary_recomputed_from_predictions": {
    "rt_smape": 20.79251599092717,
    "rt_capped_smape": 10.906743313696468,
    "rt_mae": 32.92588312867093,
    "rt_rmse": 62.70290809935068,
    "delta_mae": 32.92588312867093,
    "delta_rmse": 62.70290809935068,
    "direction_accuracy": 0.7962328767123288,
    "positive_direction_recall": 0.7955982205572465,
    "segment_17_24_rt_smape": 9.900467427844726,
    "segment_17_24_rt_capped_smape": 7.8804654342772125,
    "segment_1_8_rt_smape": 16.13402390271171,
    "segment_1_8_rt_capped_smape": 9.33558389076898,
    "segment_9_16_rt_smape": 36.343056642225086,
    "segment_9_16_rt_capped_smape": 15.504180616043215,
    "top10_tail_delta_mae": 115.43405026241987,
    "top10_tail_rt_smape": 70.62293136461057,
    "top10_tail_direction_accuracy": 0.9440639269406392,
    "top5_tail_delta_mae": 142.92526042449884,
    "top5_tail_rt_smape": 79.8112634160963,
    "top5_tail_direction_accuracy": 0.9657534246575342
  },
  "candidate_summary_recomputed_from_predictions": {
    "rt_smape": 21.042644067065968,
    "rt_capped_smape": 10.837912070258724,
    "rt_mae": 32.952664708711744,
    "rt_rmse": 62.45059377884419,
    "delta_mae": 32.952664708711744,
    "delta_rmse": 62.45059377884419,
    "direction_accuracy": 0.7901826484018265,
    "positive_direction_recall": 0.8016857878716928,
    "segment_17_24_rt_smape": 9.930251833977337,
    "segment_17_24_rt_capped_smape": 7.857225450849888,
    "segment_1_8_rt_smape": 16.453383535120416,
    "segment_1_8_rt_capped_smape": 9.352112767691342,
    "segment_9_16_rt_smape": 36.74429683210014,
    "segment_9_16_rt_capped_smape": 15.304397992234941,
    "top10_tail_delta_mae": 114.90799277455538,
    "top10_tail_rt_smape": 71.07631313481605,
    "top10_tail_direction_accuracy": 0.9486301369863014,
    "top5_tail_delta_mae": 141.5840912599312,
    "top5_tail_rt_smape": 79.49255606247883,
    "top5_tail_direction_accuracy": 0.9726027397260274
  },
  "next_action": "try the next structural candidate if one remains, otherwise close this family and move on"
}