{
  "generated_on": "2026-06-05",
  "decision": "REJECT",
  "reason": "overall_rt_smape_delta=0.2553; segment_9_16_rt_smape_delta=0.5472; overall_rt_capped_smape_delta=-0.0104; segment_9_16_rt_capped_smape_delta=-0.0415; top10_tail_delta_mae_delta=-0.4977",
  "baseline_summary_recomputed_from_predictions": {
    "rt_smape": 20.79251599092717,
    "rt_capped_smape": 10.906743313696468,
    "rt_mae": 32.92588312867093,
    "rt_rmse": 62.70290809935068,
    "delta_mae": 32.92588312867093,
    "delta_rmse": 62.70290809935068,
    "direction_accuracy": 0.7962328767123288,
    "positive_direction_recall": 0.7955982205572465,
    "segment_17_24_rt_smape": 9.900467427844726,
    "segment_17_24_rt_capped_smape": 7.8804654342772125,
    "segment_1_8_rt_smape": 16.13402390271171,
    "segment_1_8_rt_capped_smape": 9.33558389076898,
    "segment_9_16_rt_smape": 36.343056642225086,
    "segment_9_16_rt_capped_smape": 15.504180616043215,
    "top10_tail_delta_mae": 115.43405026241987,
    "top10_tail_rt_smape": 70.62293136461057,
    "top10_tail_direction_accuracy": 0.9440639269406392,
    "top5_tail_delta_mae": 142.92526042449884,
    "top5_tail_rt_smape": 79.8112634160963,
    "top5_tail_direction_accuracy": 0.9657534246575342
  },
  "candidate_summary_recomputed_from_predictions": {
    "rt_smape": 21.047844124679656,
    "rt_capped_smape": 10.896322106011134,
    "rt_mae": 33.116403263213726,
    "rt_rmse": 62.65714879207716,
    "delta_mae": 33.116403263213726,
    "delta_rmse": 62.65714879207716,
    "direction_accuracy": 0.788013698630137,
    "positive_direction_recall": 0.7850620463591664,
    "segment_17_24_rt_smape": 9.9413943595662,
    "segment_17_24_rt_capped_smape": 7.907698540966493,
    "segment_1_8_rt_smape": 16.311842407040295,
    "segment_1_8_rt_capped_smape": 9.318550441874692,
    "segment_9_16_rt_smape": 36.89029560743248,
    "segment_9_16_rt_capped_smape": 15.462717335192224,
    "top10_tail_delta_mae": 114.93630091006271,
    "top10_tail_rt_smape": 70.94327311087032,
    "top10_tail_direction_accuracy": 0.9429223744292238,
    "top5_tail_delta_mae": 141.29605228678807,
    "top5_tail_rt_smape": 79.46855816987748,
    "top5_tail_direction_accuracy": 0.9680365296803652
  },
  "next_action": "try the next month-hour candidate if one remains, otherwise close this family and move on"
}