{
  "generated_on": "2026-06-05",
  "decision": "REJECT",
  "reason": "overall_capped_gain=0.0332; seg916_capped_gain=0.1008; top10_tail_capped_gain=0.4484; raw_overall_delta=0.3240; raw_seg916_delta=0.6604",
  "next_action": "try the next kickoff month-hour selective candidate if one remains, otherwise close this family and decide whether to package the evidence",
  "frozen_point_baseline_metrics": {
    "full_year_rt_capped_smape": 10.906743313696468,
    "segment_9_16_rt_capped_smape": 15.504180616043215,
    "full_year_rt_smape": 20.79251599092717,
    "segment_9_16_rt_smape": 36.343056642225086,
    "risk_hour_9_10_15_avg_capped_smape": 19.087101953299232,
    "hour_9_capped_smape": 19.672823597375388,
    "hour_10_capped_smape": 20.06077862452579,
    "hour_15_capped_smape": 17.527703637996517,
    "worst_month_9_16_capped_smape": 25.714153052159347,
    "top10_tail_rt_capped_smape": 39.678897423463575,
    "rt_mae": 32.92588312867093,
    "delta_mae": 32.92588312867093,
    "normal_hour_capped_smape": 9.738120650896075
  },
  "candidate_point_metrics": {
    "full_year_rt_capped_smape": 10.873561343756633,
    "segment_9_16_rt_capped_smape": 15.403336236656802,
    "full_year_rt_smape": 21.116539868601407,
    "segment_9_16_rt_smape": 37.00342870085507,
    "risk_hour_9_10_15_avg_capped_smape": 18.786473092213065,
    "hour_9_capped_smape": 19.5017527584583,
    "hour_10_capped_smape": 19.528532338270622,
    "hour_15_capped_smape": 17.329134179910277,
    "worst_month_9_16_capped_smape": 25.756204275977574,
    "top10_tail_rt_capped_smape": 39.2305257352752,
    "rt_mae": 33.030938431083754,
    "delta_mae": 33.03093843108376,
    "normal_hour_capped_smape": 9.743145379691427
  }
}