{
  "generated_on": "2026-06-05",
  "decision": "REJECT",
  "reason": "overall_rt_smape_delta=0.3057; segment_9_16_rt_smape_delta=0.6985; overall_rt_capped_smape_delta=-0.0034; segment_9_16_rt_capped_smape_delta=-0.0205; top10_tail_delta_mae_delta=-0.4771",
  "baseline_summary_recomputed_from_predictions": {
    "rt_smape": 20.79251599092717,
    "rt_capped_smape": 10.906743313696468,
    "rt_mae": 32.92588312867093,
    "rt_rmse": 62.70290809935068,
    "delta_mae": 32.92588312867093,
    "delta_rmse": 62.70290809935068,
    "direction_accuracy": 0.7962328767123288,
    "positive_direction_recall": 0.7955982205572465,
    "segment_17_24_rt_smape": 9.900467427844726,
    "segment_17_24_rt_capped_smape": 7.8804654342772125,
    "segment_1_8_rt_smape": 16.13402390271171,
    "segment_1_8_rt_capped_smape": 9.33558389076898,
    "segment_9_16_rt_smape": 36.343056642225086,
    "segment_9_16_rt_capped_smape": 15.504180616043215,
    "top10_tail_delta_mae": 115.43405026241987,
    "top10_tail_rt_smape": 70.62293136461057,
    "top10_tail_direction_accuracy": 0.9440639269406392,
    "top5_tail_delta_mae": 142.92526042449884,
    "top5_tail_rt_smape": 79.8112634160963,
    "top5_tail_direction_accuracy": 0.9657534246575342
  },
  "candidate_summary_recomputed_from_predictions": {
    "rt_smape": 21.098257987157073,
    "rt_capped_smape": 10.90331649539553,
    "rt_mae": 33.16949735545279,
    "rt_rmse": 62.70507859545277,
    "delta_mae": 33.16949735545279,
    "delta_rmse": 62.70507859545277,
    "direction_accuracy": 0.7856164383561643,
    "positive_direction_recall": 0.788808241629595,
    "segment_17_24_rt_smape": 9.9413943595662,
    "segment_17_24_rt_capped_smape": 7.907698540966493,
    "segment_1_8_rt_smape": 16.311842407040295,
    "segment_1_8_rt_capped_smape": 9.318550441874692,
    "segment_9_16_rt_smape": 37.04153719486472,
    "segment_9_16_rt_capped_smape": 15.483700503345409,
    "top10_tail_delta_mae": 114.956976160731,
    "top10_tail_rt_smape": 70.94884017514015,
    "top10_tail_direction_accuracy": 0.9394977168949772,
    "top5_tail_delta_mae": 141.14289880540855,
    "top5_tail_rt_smape": 79.39980161403177,
    "top5_tail_direction_accuracy": 0.9657534246575342
  },
  "next_action": "try the next localized-calibration candidate if one remains, otherwise close this family and move on"
}