{
  "generated_on": "2026-06-05",
  "decision": "KEEP",
  "reason": "overall_capped_gain=0.0361; seg916_capped_gain=0.1796; top10_tail_capped_gain=0.7029; interval_coverage_delta=0.0000; spike_ap_delta=0.0000",
  "frozen_point_baseline_metrics": {
    "full_year_rt_capped_smape": 10.906743313696468,
    "segment_9_16_rt_capped_smape": 15.504180616043215,
    "full_year_rt_smape": 20.79251599092717,
    "segment_9_16_rt_smape": 36.343056642225086,
    "risk_hour_9_10_15_avg_capped_smape": 19.087101953299232,
    "hour_9_capped_smape": 19.672823597375388,
    "hour_10_capped_smape": 20.06077862452579,
    "hour_15_capped_smape": 17.527703637996517,
    "worst_month_9_16_capped_smape": 25.714153052159347,
    "top10_tail_rt_capped_smape": 39.678897423463575,
    "rt_mae": 32.92588312867093,
    "delta_mae": 32.92588312867093,
    "normal_hour_capped_smape": 9.738120650896075
  },
  "candidate_point_metrics": {
    "full_year_rt_capped_smape": 10.870673548688027,
    "segment_9_16_rt_capped_smape": 15.324623295426699,
    "full_year_rt_smape": 20.870179488887725,
    "segment_9_16_rt_smape": 36.31508726379582,
    "risk_hour_9_10_15_avg_capped_smape": 18.822199479540767,
    "hour_9_capped_smape": 19.469190352612905,
    "hour_10_capped_smape": 19.31135387571958,
    "hour_15_capped_smape": 17.686054210289818,
    "worst_month_9_16_capped_smape": 25.663278875743487,
    "top10_tail_rt_capped_smape": 38.9760275065482,
    "rt_mae": 32.99792715955845,
    "delta_mae": 32.99792715955845,
    "normal_hour_capped_smape": 9.73474127285192
  },
  "accepted_interval_summary": {
    "mean_spike_recall_topk": 0.6897721611789117,
    "mean_spike_average_precision": 0.638992261151562,
    "mean_interval_coverage": 0.774679179467486,
    "mean_interval_width": 98.98832580308662,
    "mean_interval_brier_proxy": 0.042530611979165335
  },
  "candidate_interval_summary": {
    "mean_spike_recall_topk": 0.6897721611789117,
    "mean_spike_average_precision": 0.638992261151562,
    "mean_interval_coverage": 0.774679179467486,
    "mean_interval_width": 98.98832580308662,
    "mean_interval_brier_proxy": 0.042530611979165335
  }
}