{
  "generated_on": "2026-06-05",
  "decision": "REJECT",
  "reason": "overall_capped_gain=0.0013; seg916_capped_gain=0.0052; top10_tail_capped_gain=1.9606; raw_overall_delta=0.4273; raw_seg916_delta=0.9703",
  "next_action": "try the next kickoff tail-calibration candidate if one remains, otherwise close this family and decide whether to package the near-miss evidence",
  "frozen_point_baseline_metrics": {
    "full_year_rt_capped_smape": 10.906743313696468,
    "segment_9_16_rt_capped_smape": 15.504180616043215,
    "full_year_rt_smape": 20.79251599092717,
    "segment_9_16_rt_smape": 36.343056642225086,
    "risk_hour_9_10_15_avg_capped_smape": 19.087101953299232,
    "hour_9_capped_smape": 19.672823597375388,
    "hour_10_capped_smape": 20.06077862452579,
    "hour_15_capped_smape": 17.527703637996517,
    "worst_month_9_16_capped_smape": 25.714153052159347,
    "top10_tail_rt_capped_smape": 39.678897423463575,
    "rt_mae": 32.92588312867093,
    "delta_mae": 32.92588312867093,
    "normal_hour_capped_smape": 9.738120650896075
  },
  "candidate_point_metrics": {
    "full_year_rt_capped_smape": 10.905435741728517,
    "segment_9_16_rt_capped_smape": 15.498959430572464,
    "full_year_rt_smape": 21.21985683323808,
    "segment_9_16_rt_smape": 37.31337959476507,
    "risk_hour_9_10_15_avg_capped_smape": 18.976191365616256,
    "hour_9_capped_smape": 19.85147152666145,
    "hour_10_capped_smape": 19.918505458997732,
    "hour_15_capped_smape": 17.158597111189575,
    "worst_month_9_16_capped_smape": 26.066818863871667,
    "top10_tail_rt_capped_smape": 37.7182578362494,
    "rt_mae": 33.09197475144582,
    "delta_mae": 33.09197475144582,
    "normal_hour_capped_smape": 9.752470652601698
  }
}