{
  "generated_on": "2026-06-05",
  "decision": "REJECT",
  "reason": "overall_rt_smape_delta=0.2892; segment_9_16_rt_smape_delta=0.5558; overall_rt_capped_smape_delta=-0.0373; segment_9_16_rt_capped_smape_delta=-0.1132; top10_tail_delta_mae_delta=-0.6280",
  "baseline_summary_recomputed_from_predictions": {
    "rt_smape": 20.79251599092717,
    "rt_capped_smape": 10.906743313696468,
    "rt_mae": 32.92588312867093,
    "rt_rmse": 62.70290809935068,
    "delta_mae": 32.92588312867093,
    "delta_rmse": 62.70290809935068,
    "direction_accuracy": 0.7962328767123288,
    "positive_direction_recall": 0.7955982205572465,
    "segment_17_24_rt_smape": 9.900467427844726,
    "segment_17_24_rt_capped_smape": 7.8804654342772125,
    "segment_1_8_rt_smape": 16.13402390271171,
    "segment_1_8_rt_capped_smape": 9.33558389076898,
    "segment_9_16_rt_smape": 36.343056642225086,
    "segment_9_16_rt_capped_smape": 15.504180616043215,
    "top10_tail_delta_mae": 115.43405026241987,
    "top10_tail_rt_smape": 70.62293136461057,
    "top10_tail_direction_accuracy": 0.9440639269406392,
    "top5_tail_delta_mae": 142.92526042449884,
    "top5_tail_rt_smape": 79.8112634160963,
    "top5_tail_direction_accuracy": 0.9657534246575342
  },
  "candidate_summary_recomputed_from_predictions": {
    "rt_smape": 21.081697169976756,
    "rt_capped_smape": 10.869455786862389,
    "rt_mae": 33.02743292020556,
    "rt_rmse": 62.56012039331386,
    "delta_mae": 33.02743292020556,
    "delta_rmse": 62.56012039331386,
    "direction_accuracy": 0.7876712328767124,
    "positive_direction_recall": 0.8049637087333177,
    "segment_17_24_rt_smape": 9.957113653473469,
    "segment_17_24_rt_capped_smape": 7.876075425506337,
    "segment_1_8_rt_smape": 16.389077251475683,
    "segment_1_8_rt_capped_smape": 9.341272369106758,
    "segment_9_16_rt_smape": 36.898900604981115,
    "segment_9_16_rt_capped_smape": 15.391019565974071,
    "top10_tail_delta_mae": 114.80605770324658,
    "top10_tail_rt_smape": 70.67251727286484,
    "top10_tail_direction_accuracy": 0.9440639269406392,
    "top5_tail_delta_mae": 141.73690980155254,
    "top5_tail_rt_smape": 79.50600738616161,
    "top5_tail_direction_accuracy": 0.9680365296803652
  },
  "next_action": "continue only if another fresh kickoff follow-up factor remains; otherwise package as negative evidence"
}