{
  "generated_on": "2026-06-05",
  "decision": "KEEP",
  "reason": "month=2026-04; rt_capped_smape=12.5007; seg916_capped_smape=16.2436; rt_smape=26.7396; top10_tail_capped_smape=60.5617",
  "metrics": {
    "rt_capped_smape": 12.500682342932146,
    "segment_9_16_rt_capped_smape": 16.243557451904437,
    "rt_smape": 26.73964557533788,
    "segment_9_16_rt_smape": 53.63145040532263,
    "top10_tail_rt_capped_smape": 60.56170314905004,
    "rt_mae": 48.54192493398647
  }
}