{
  "generated_on": "2026-06-05",
  "decision": "REJECT",
  "reason": "overall_capped_gain=0.0493; seg916_capped_gain=0.1491; top10_tail_capped_gain=0.7553; raw_overall_delta=0.2532; raw_seg916_delta=0.4480",
  "next_action": "try the next conservative kickoff tail-calibration candidate if one remains, otherwise close this family and decide whether to package the near-miss evidence",
  "frozen_point_baseline_metrics": {
    "full_year_rt_capped_smape": 10.906743313696468,
    "segment_9_16_rt_capped_smape": 15.504180616043215,
    "full_year_rt_smape": 20.79251599092717,
    "segment_9_16_rt_smape": 36.343056642225086,
    "risk_hour_9_10_15_avg_capped_smape": 19.087101953299232,
    "hour_9_capped_smape": 19.672823597375388,
    "hour_10_capped_smape": 20.06077862452579,
    "hour_15_capped_smape": 17.527703637996517,
    "worst_month_9_16_capped_smape": 25.714153052159347,
    "top10_tail_rt_capped_smape": 39.678897423463575,
    "rt_mae": 32.92588312867093,
    "delta_mae": 32.92588312867093,
    "normal_hour_capped_smape": 9.738120650896075
  },
  "candidate_point_metrics": {
    "full_year_rt_capped_smape": 10.857475328812145,
    "segment_9_16_rt_capped_smape": 15.355078191823342,
    "full_year_rt_smape": 21.045761488328374,
    "segment_9_16_rt_smape": 36.79109356003598,
    "risk_hour_9_10_15_avg_capped_smape": 18.79668699591412,
    "hour_9_capped_smape": 19.567793030985488,
    "hour_10_capped_smape": 19.623156532875633,
    "hour_15_capped_smape": 17.199111423881234,
    "worst_month_9_16_capped_smape": 25.681576298510823,
    "top10_tail_rt_capped_smape": 38.923596367350804,
    "rt_mae": 32.973321284444914,
    "delta_mae": 32.973321284444914,
    "normal_hour_capped_smape": 9.723302233511863
  }
}