{
  "generated_on": "2026-06-05",
  "decision": "REJECT",
  "reason": "overall_capped_gain=0.0433; seg916_capped_gain=0.1443; top10_tail_capped_gain=1.0740; raw_overall_delta=0.2679; raw_seg916_delta=0.5085",
  "next_action": "try the next conservative kickoff tail-calibration candidate if one remains, otherwise close this family and decide whether to package the near-miss evidence",
  "frozen_point_baseline_metrics": {
    "full_year_rt_capped_smape": 10.906743313696468,
    "segment_9_16_rt_capped_smape": 15.504180616043215,
    "full_year_rt_smape": 20.79251599092717,
    "segment_9_16_rt_smape": 36.343056642225086,
    "risk_hour_9_10_15_avg_capped_smape": 19.087101953299232,
    "hour_9_capped_smape": 19.672823597375388,
    "hour_10_capped_smape": 20.06077862452579,
    "hour_15_capped_smape": 17.527703637996517,
    "worst_month_9_16_capped_smape": 25.714153052159347,
    "top10_tail_rt_capped_smape": 39.678897423463575,
    "rt_mae": 32.92588312867093,
    "delta_mae": 32.92588312867093,
    "normal_hour_capped_smape": 9.738120650896075
  },
  "candidate_point_metrics": {
    "full_year_rt_capped_smape": 10.863413188645128,
    "segment_9_16_rt_capped_smape": 15.359911878330106,
    "full_year_rt_smape": 21.060384944959367,
    "segment_9_16_rt_smape": 36.851561795149514,
    "risk_hour_9_10_15_avg_capped_smape": 18.72865468811168,
    "hour_9_capped_smape": 19.454273975744396,
    "hour_10_capped_smape": 19.628589713495785,
    "hour_15_capped_smape": 17.10310037509485,
    "worst_month_9_16_capped_smape": 25.668901322922697,
    "top10_tail_rt_capped_smape": 38.60490355146232,
    "rt_mae": 33.000918116608965,
    "delta_mae": 33.000918116608965,
    "normal_hour_capped_smape": 9.739807260149908
  }
}