{
  "generated_on": "2026-06-05",
  "decision": "REJECT",
  "reason": "overall_rt_smape_delta=0.5795; segment_9_16_rt_smape_delta=1.5393; overall_rt_capped_smape_delta=0.0090; segment_9_16_rt_capped_smape_delta=0.0223; top10_tail_delta_mae_delta=0.1828",
  "baseline_summary_recomputed_from_predictions": {
    "rt_smape": 20.79251599092717,
    "rt_capped_smape": 10.906743313696468,
    "rt_mae": 32.92588312867093,
    "rt_rmse": 62.70290809935068,
    "delta_mae": 32.92588312867093,
    "delta_rmse": 62.70290809935068,
    "direction_accuracy": 0.7962328767123288,
    "positive_direction_recall": 0.7955982205572465,
    "segment_17_24_rt_smape": 9.900467427844726,
    "segment_17_24_rt_capped_smape": 7.8804654342772125,
    "segment_1_8_rt_smape": 16.13402390271171,
    "segment_1_8_rt_capped_smape": 9.33558389076898,
    "segment_9_16_rt_smape": 36.343056642225086,
    "segment_9_16_rt_capped_smape": 15.504180616043215,
    "top10_tail_delta_mae": 115.43405026241987,
    "top10_tail_rt_smape": 70.62293136461057,
    "top10_tail_direction_accuracy": 0.9440639269406392,
    "top5_tail_delta_mae": 142.92526042449884,
    "top5_tail_rt_smape": 79.8112634160963,
    "top5_tail_direction_accuracy": 0.9657534246575342,
    "test_row_count": 8760
  },
  "candidate_summary_recomputed_from_predictions": {
    "rt_smape": 21.372053125190504,
    "rt_capped_smape": 10.915778233262207,
    "rt_mae": 33.15495905567244,
    "rt_rmse": 62.786394422739775,
    "delta_mae": 33.15495905567245,
    "delta_rmse": 62.786394422739775,
    "direction_accuracy": 0.7932648401826484,
    "positive_direction_recall": 0.8096464528213533,
    "segment_17_24_rt_smape": 9.91709251132316,
    "segment_17_24_rt_capped_smape": 7.881590844468934,
    "segment_1_8_rt_smape": 16.31669425181355,
    "segment_1_8_rt_capped_smape": 9.339268363452696,
    "segment_9_16_rt_smape": 37.88237261243481,
    "segment_9_16_rt_capped_smape": 15.526475491864991,
    "top10_tail_delta_mae": 115.61684542683034,
    "top10_tail_rt_smape": 71.06567183434795,
    "top10_tail_direction_accuracy": 0.9486301369863014,
    "top5_tail_delta_mae": 143.33533820728886,
    "top5_tail_rt_smape": 80.71791367215154,
    "top5_tail_direction_accuracy": 0.9680365296803652,
    "test_row_count": 8760
  },
  "next_action": "switch to a different fresh-cycle factor and avoid micro-tuning this exact mechanism"
}