{
  "generated_on": "2026-06-05",
  "decision": "REJECT",
  "reason": "overall_rt_smape_delta=0.2092; segment_9_16_rt_smape_delta=0.2173; overall_rt_capped_smape_delta=-7.2460; segment_9_16_rt_capped_smape_delta=-15.4566; top10_tail_delta_mae_delta=-0.2786",
  "baseline_summary_recomputed_from_predictions": {
    "rt_smape": 20.792515990927175,
    "rt_capped_smape": 18.111625215245596,
    "rt_mae": 32.92588312867093,
    "rt_rmse": 62.70290809935068,
    "delta_mae": 32.92588312867093,
    "delta_rmse": 62.70290809935068,
    "direction_accuracy": 0.7962328767123288,
    "positive_direction_recall": 0.7955982205572465,
    "experiment_name": "SGDFNet_ProtocolB_A0_J2_ValSegmentBias",
    "target_year": 2025,
    "test_row_count": 8760,
    "segment_17_24_rt_smape": 9.900467427844726,
    "segment_17_24_rt_capped_smape": 9.378647718911497,
    "segment_1_8_rt_smape": 16.13402390271171,
    "segment_1_8_rt_capped_smape": 14.108804095441,
    "segment_9_16_rt_smape": 36.343056642225086,
    "segment_9_16_rt_capped_smape": 30.847423831384308,
    "top10_tail_delta_mae": 115.43405026241987,
    "top10_tail_rt_smape": 70.62293136461057,
    "top10_tail_direction_accuracy": 0.9440639269406392,
    "top5_tail_delta_mae": 142.92526042449884,
    "top5_tail_rt_smape": 79.8112634160963,
    "top5_tail_direction_accuracy": 0.9657534246575342
  },
  "candidate_summary_recomputed_from_predictions": {
    "rt_smape": 21.00168893835044,
    "rt_capped_smape": 10.865600748968626,
    "rt_mae": 32.9399400966346,
    "rt_rmse": 62.519048855653786,
    "delta_mae": 32.9399400966346,
    "delta_rmse": 62.519048855653786,
    "direction_accuracy": 0.7875570776255708,
    "positive_direction_recall": 0.7963006321704519,
    "experiment_name": "SGDFNet_KickoffStructuralRiskWeight_V1",
    "target_year": 2025,
    "test_row_count": 8760,
    "segment_17_24_rt_smape": 9.902392657264036,
    "segment_17_24_rt_capped_smape": 7.867872720924765,
    "segment_1_8_rt_smape": 16.54232933413965,
    "segment_1_8_rt_capped_smape": 9.338075608911181,
    "segment_9_16_rt_smape": 36.560344823647625,
    "segment_9_16_rt_capped_smape": 15.390853917069931,
    "top10_tail_delta_mae": 115.15543776069192,
    "top10_tail_rt_smape": 71.21004097137772,
    "top10_tail_direction_accuracy": 0.9429223744292238,
    "top5_tail_delta_mae": 141.91534159086055,
    "top5_tail_rt_smape": 79.42433195560004,
    "top5_tail_direction_accuracy": 0.9703196347031964
  },
  "next_action": "try the next kickoff structural-point candidate if one remains, otherwise close this family and decide whether to package the evidence"
}