{
  "generated_on": "2026-06-05",
  "decision": "REJECT",
  "reason": "overall_capped_gain=0.0219; seg916_capped_gain=0.1647; top10_tail_capped_gain=0.7965; raw_overall_delta=0.2874; raw_seg916_delta=0.5092",
  "next_action": "try the next kickoff tail-calibration candidate if one remains, otherwise close this family and decide whether to package the near-miss evidence",
  "frozen_point_baseline_metrics": {
    "full_year_rt_capped_smape": 10.906743313696468,
    "segment_9_16_rt_capped_smape": 15.504180616043215,
    "full_year_rt_smape": 20.79251599092717,
    "segment_9_16_rt_smape": 36.343056642225086,
    "risk_hour_9_10_15_avg_capped_smape": 19.087101953299232,
    "hour_9_capped_smape": 19.672823597375388,
    "hour_10_capped_smape": 20.06077862452579,
    "hour_15_capped_smape": 17.527703637996517,
    "worst_month_9_16_capped_smape": 25.714153052159347,
    "top10_tail_rt_capped_smape": 39.678897423463575,
    "rt_mae": 32.92588312867093,
    "delta_mae": 32.92588312867093,
    "normal_hour_capped_smape": 9.738120650896075
  },
  "candidate_point_metrics": {
    "full_year_rt_capped_smape": 10.884885813149069,
    "segment_9_16_rt_capped_smape": 15.339451105165788,
    "full_year_rt_smape": 21.079891393511733,
    "segment_9_16_rt_smape": 36.852257312127236,
    "risk_hour_9_10_15_avg_capped_smape": 18.813703779953233,
    "hour_9_capped_smape": 19.492565415132344,
    "hour_10_capped_smape": 19.581050617563847,
    "hour_15_capped_smape": 17.36749530716351,
    "worst_month_9_16_capped_smape": 25.699029757529306,
    "top10_tail_rt_capped_smape": 38.882364753704046,
    "rt_mae": 33.11071033917637,
    "delta_mae": 33.11071033917637,
    "normal_hour_capped_smape": 9.752197532177043
  }
}