{
  "generated_on": "2026-06-05",
  "decision": "REJECT",
  "reason": "point_overall_capped_delta=-0.0400; point_seg916_capped_delta=-0.1303; coverage_gain_vs_accepted_interval=0.0009; ap_gain_vs_accepted_interval=-0.0069; recall_gain_vs_accepted_interval=-0.0187; brier_proxy_gain_vs_accepted_interval=0.0004",
  "next_action": "try the next TF+pressure probability candidate if one remains, otherwise close this family and stop the current autonomous branch",
  "frozen_point_baseline_metrics": {
    "full_year_rt_capped_smape": 10.906743313696468,
    "segment_9_16_rt_capped_smape": 15.504180616043215,
    "full_year_rt_smape": 20.79251599092717,
    "segment_9_16_rt_smape": 36.343056642225086,
    "risk_hour_9_10_15_avg_capped_smape": 19.087101953299232,
    "hour_9_capped_smape": 19.672823597375388,
    "hour_10_capped_smape": 20.06077862452579,
    "hour_15_capped_smape": 17.527703637996517,
    "worst_month_9_16_capped_smape": 25.714153052159347,
    "top10_tail_rt_capped_smape": 39.678897423463575,
    "rt_mae": 32.92588312867093,
    "delta_mae": 32.92588312867093,
    "normal_hour_capped_smape": 9.738120650896075
  },
  "accepted_interval_summary": {
    "mean_spike_recall_topk": 0.6897721611789117,
    "mean_spike_average_precision": 0.638992261151562,
    "mean_interval_coverage": 0.774679179467486,
    "mean_interval_width": 98.98832580308662,
    "mean_interval_brier_proxy": 0.042530611979165335
  },
  "candidate_point_metrics": {
    "full_year_rt_capped_smape": 10.866703809414268,
    "segment_9_16_rt_capped_smape": 15.373862445401615,
    "full_year_rt_smape": 20.877073413508953,
    "segment_9_16_rt_smape": 36.37798347392037,
    "risk_hour_9_10_15_avg_capped_smape": 18.778262076732343,
    "hour_9_capped_smape": 19.381895628482344,
    "hour_10_capped_smape": 19.379765992182197,
    "hour_15_capped_smape": 17.573124609532492,
    "worst_month_9_16_capped_smape": 25.73200429437665,
    "top10_tail_rt_capped_smape": 39.34197730340724,
    "rt_mae": 32.94749686899354,
    "delta_mae": 32.94749686899354,
    "normal_hour_capped_smape": 9.736481199797398
  },
  "candidate_probability_summary": {
    "mean_spike_recall_topk": 0.6711063520123332,
    "mean_spike_average_precision": 0.632083527801395,
    "mean_interval_coverage": 0.7755637694145759,
    "mean_interval_width": 98.47225553266146,
    "mean_interval_brier_proxy": 0.04214896723334244
  }
}