{
  "generated_on": "2026-06-05",
  "decision": "REJECT",
  "reason": "overall_rt_smape_delta=0.1560; segment_9_16_rt_smape_delta=0.3519; overall_rt_capped_smape_delta=-0.0214; segment_9_16_rt_capped_smape_delta=-0.0442; top10_tail_delta_mae_delta=0.2025",
  "baseline_summary_recomputed_from_predictions": {
    "rt_smape": 20.79251599092717,
    "rt_capped_smape": 10.906743313696468,
    "rt_mae": 32.92588312867093,
    "rt_rmse": 62.70290809935068,
    "delta_mae": 32.92588312867093,
    "delta_rmse": 62.70290809935068,
    "direction_accuracy": 0.7962328767123288,
    "positive_direction_recall": 0.7955982205572465,
    "segment_17_24_rt_smape": 9.900467427844726,
    "segment_17_24_rt_capped_smape": 7.8804654342772125,
    "segment_1_8_rt_smape": 16.13402390271171,
    "segment_1_8_rt_capped_smape": 9.33558389076898,
    "segment_9_16_rt_smape": 36.343056642225086,
    "segment_9_16_rt_capped_smape": 15.504180616043215,
    "top10_tail_delta_mae": 115.43405026241987,
    "top10_tail_rt_smape": 70.62293136461057,
    "top10_tail_direction_accuracy": 0.9440639269406392,
    "top5_tail_delta_mae": 142.92526042449884,
    "top5_tail_rt_smape": 79.8112634160963,
    "top5_tail_direction_accuracy": 0.9657534246575342,
    "test_row_count": 8760
  },
  "candidate_summary_recomputed_from_predictions": {
    "rt_smape": 20.948476414395056,
    "rt_capped_smape": 10.885327239478233,
    "rt_mae": 32.99759972340057,
    "rt_rmse": 62.727853943163176,
    "delta_mae": 32.99759972340057,
    "delta_rmse": 62.727853943163176,
    "direction_accuracy": 0.7945205479452054,
    "positive_direction_recall": 0.7979395926012643,
    "segment_17_24_rt_smape": 9.862081536040302,
    "segment_17_24_rt_capped_smape": 7.869635858490924,
    "segment_1_8_rt_smape": 16.28841841912642,
    "segment_1_8_rt_capped_smape": 9.326406099091555,
    "segment_9_16_rt_smape": 36.69492928801846,
    "segment_9_16_rt_capped_smape": 15.459939760852222,
    "top10_tail_delta_mae": 115.636548536095,
    "top10_tail_rt_smape": 70.38308732617972,
    "top10_tail_direction_accuracy": 0.9463470319634704,
    "top5_tail_delta_mae": 143.7504340322624,
    "top5_tail_rt_smape": 79.5665955697193,
    "top5_tail_direction_accuracy": 0.9657534246575342,
    "test_row_count": 8760
  },
  "next_action": "switch to a different fresh-cycle factor and avoid micro-tuning this exact mechanism"
}