{
  "generated_on": "2026-06-05",
  "decision": "REJECT",
  "reason": "overall_rt_smape_delta=0.3466; segment_9_16_rt_smape_delta=0.8663; overall_rt_capped_smape_delta=-0.0578; segment_9_16_rt_capped_smape_delta=-0.1816; top10_tail_delta_mae_delta=-0.5473",
  "baseline_summary_recomputed_from_predictions": {
    "rt_smape": 20.79251599092717,
    "rt_capped_smape": 10.906743313696468,
    "rt_mae": 32.92588312867093,
    "rt_rmse": 62.70290809935068,
    "delta_mae": 32.92588312867093,
    "delta_rmse": 62.70290809935068,
    "direction_accuracy": 0.7962328767123288,
    "positive_direction_recall": 0.7955982205572465,
    "segment_17_24_rt_smape": 9.900467427844726,
    "segment_17_24_rt_capped_smape": 7.8804654342772125,
    "segment_1_8_rt_smape": 16.13402390271171,
    "segment_1_8_rt_capped_smape": 9.33558389076898,
    "segment_9_16_rt_smape": 36.343056642225086,
    "segment_9_16_rt_capped_smape": 15.504180616043215,
    "top10_tail_delta_mae": 115.43405026241987,
    "top10_tail_rt_smape": 70.62293136461057,
    "top10_tail_direction_accuracy": 0.9440639269406392,
    "top5_tail_delta_mae": 142.92526042449884,
    "top5_tail_rt_smape": 79.8112634160963,
    "top5_tail_direction_accuracy": 0.9657534246575342
  },
  "candidate_summary_recomputed_from_predictions": {
    "rt_smape": 21.13906962195547,
    "rt_capped_smape": 10.848896327066404,
    "rt_mae": 33.06298161429659,
    "rt_rmse": 62.54668534520268,
    "delta_mae": 33.062981614296596,
    "delta_rmse": 62.54668534520269,
    "direction_accuracy": 0.7928082191780822,
    "positive_direction_recall": 0.8037930227113088,
    "segment_17_24_rt_smape": 9.88496413286795,
    "segment_17_24_rt_capped_smape": 7.881286382936683,
    "segment_1_8_rt_smape": 16.32287189435258,
    "segment_1_8_rt_capped_smape": 9.342826859014748,
    "segment_9_16_rt_smape": 37.20937283864589,
    "segment_9_16_rt_capped_smape": 15.322575739247782,
    "top10_tail_delta_mae": 114.88672112937196,
    "top10_tail_rt_smape": 70.60331753240668,
    "top10_tail_direction_accuracy": 0.9497716894977168,
    "top5_tail_delta_mae": 141.54293528371906,
    "top5_tail_rt_smape": 79.25443535197974,
    "top5_tail_direction_accuracy": 0.9726027397260274
  },
  "next_action": "continue only if another fresh kickoff follow-up factor remains; otherwise package as negative evidence"
}